{
    "install": "README.md",
    "2.0.0": "messages/2.0.0.txt",
    "2.0.1": "messages/2.0.1.md",
    "2.0.2": "messages/2.0.2.md",
    "2.0.3": "messages/2.0.3.md",
    "2.0.4": "messages/2.0.4.md",
    "2.0.5": "messages/2.0.5.md",
    "2.0.6": "messages/2.0.6.md",
    "2.0.7": "messages/2.0.7.md",
    "2.0.8": "messages/2.0.8.md",
    "2.0.9": "messages/2.0.9.md",
    "2.1.0": "messages/2.1.0.md",
    "2.1.1": "messages/2.1.1.md",
    "2.1.2": "messages/2.1.2.md",
    "2.1.3": "messages/2.1.3.md",
    "2.1.4": "messages/2.1.4.md",
    "2.1.5": "messages/2.1.5.md"
}
